Name,Address,Contact
American School of Bombay,"SF 2, G-Block, Bandra Kurla Complex Road, Bandra East, Mumbai, Maharashtra, 400051, India",SS: +91 22 6772 7272 ES: +91 22 6131 3600
Stonehill International School,"Near the International Airport, No.259/333/334/335, Tarahunise Post, Jala Hobli, Bengaluru, Karnataka, 562157, India",+91 70 2666 6911
TIPS Coimbatore,"193 Sathy Road, S.S.Kulam P.O., Coimbatore, Tamil Nadu, 641107, India",+91 42 2236 6666
Aarth Universal School,"Block 148, Surat-Bhesan-Barbodhan Road, Malgama, Surat, Gujarat, 395005, India",+91 81 5592 2000
Aditya Birla World Academy,"Vastushilp Annexe, Gamadia Colony, J D Road, Tardeo, Mumbai, Maharashtra, 400034, India",+91 22 2352 8400
Aga Khan Academy Hyderabad,"Survey No 1/1 Hardware Park, Maheshwaram Mandal, Rangareddy District, Hyderabad, Telangana, 501510, India",+91 40 66291313
Ahmedabad International School,"Opp Rajpath Row Houses, Behind Kiran Motors, Judges Bungalow Road, Bodakdev, Ahmedabad, 380015, India",+91 79 2687 2459
Ajmera Global School,"Yogi Nagar, Eksar Road, Borivali West, Mumbai, Maharashtra, 400092, India",+91 22 32401053
Akal Academy Baru Sahib,"Via Rajgarh, Teh. Pachhad, Distt. Sirmore, Himachal Pradesh, 173101, India",+91 9816400538
Akshar Árbol International School - ECR Campus,"Bethel Nagar, North 9th Street, Injambakkam, Chennai, Tamil Nadu, 600115, India",+91 94449 73275
Al Fajr International School,"No. 7 & 8, II Main Road, Nehru Nagar, Perungudi, Chennai, 600 096, India",+91 044 455 72228
Al Qamar Academy,"14 Kalyani Nagar, Opp Journalist's Colony, Kottivakkam, Chennai, Tamil Nadu, 600041, India",+91 44 2451 1226
All Saints' College,"Nainital, Uttarakhand, 263002, India",+91 5942 235121
Alliance World School,"C-54/A, Sector-56, Noida, Uttar Pradesh, 201301, India",+91 12 0258 9073
aLphabet School,"178 St. Mary's Road, Alwarpet, Chennai, Tamil Nadu, 600018, India",+91 44 4211 2025
American Embassy School,"Chandragupta Marg, Chanakyapuri, New Delhi, Delhi, 110021, India",+91 11 2688 8854
American International School - Chennai,"100 Feet Road, Taramani, Chennai, 600113, India",+91 44 2254 9000
"Amity Global School, Gurgaon","Main Sector Road 4, Sector 46, Gurgaon, Harayana, 122002, India",+91 84 4848 1410
"Amity Global School, Noida","A Block, C Block, Sector 44, Noida, Uttar Pradesh, 201301, India",+91 12 0243 2959
Amity International School Saket,"M Block, Saket, New Delhi, Delhi, 110017, India",+91 11 29561606
Amrita International Vidyalayam,"Choodasandra, Huskur P.O., Bengaluru, Karnataka, 560099, India",+91 90 1920 2583
"Apeejay School International, South Delhi","Sheikh Sarai-Phase I, Panchsheel Park, New Delhi, Delhi, 110017, India",+91 11 26016935
APL Global School,"Survey No 104/8C3, Foundry Road, Okiiam Thoraiopakkam, Chennai, Tamil Nadu, 600097, India",+91 44 4282 3272
Ascend International School,"5 'F' Block, Opp. Govt. Colony, Bandra Kurla Complex (Bandra E), Mumbai, Maharashtra, 400051, India",+91 22 7122 2000
ASIS Chennai,"Parvathi Avenue Madanandapuram, Udhaya Nagar Main Road, Porur, Chennai, Tamil Nadu, 600116, India",+91 80 1213 7777
Bangalore International School,"Geddalahalli, Hennur Bagalur Road, Kothanur Post, Bengaluru, Karnataka, 560077, India",+91 80 2846 5060/2844 5852
BD Somani International School,"625 GD Somani Marg, Cuffe Parade, Mumbai, Maharashtra, 400005, India",+91 22 2216 1355
BGS International Academia School,"BGS Knowledge City, Nityanandha Nagar, K.Gollahalli, Bengaluru, Karnataka, 560074, India",+91 96 0626 3332
Billabong High International (Santa Cruz),"Ajivasan, Off. Juhu Tara Road, Opp. Lido Cinema, Next to SNDT College, Santa Cruz West, Mumbai, Maharashtra, 400049, India",+91 22 26613389
Billabong High International School (Thane),"Road no. 27, Shreenagar, Wagle Estate, Thane West, Thane, Maharashtra, 400604, India",+91 84960 60000
Bishop Cotton School,"Shimla, Himachal Pradesh, 171002, India",+91 17 7262 0880
"BLiSS Edify International School, Pune","38 Phase 1, Rajiv Gandhi Infotech Park, Hinjawadi, Pune, Maharashtra, 411057, India",+91 77 4185 0000
Bloomingdale International School,"Municipal Employee Colony, Main Road, Vijayawada, Andhra Pradesh, 520010, India",+91 7799787827
Bluebells School International,"Kailash (Opp) Lady Shriram College, New Delhi, Delhi, 110048, India",+91 011 29232963
Bodhi International School,"Shikargarh Enclave, Near Mini Market, Jodhpur, Rajasthan, 342015, India",+91 291 2970100-1
Bombay International School,"Gilbert Building, 2nd Cross Lane, Babulnath, Mumbai, Maharashtra, 400007, India",+91 22 2364 8206
Bright Start Fellowship International School,"Fellowship Society Campus, Near August Kranti Maidan, Gowalia Tank,, 400036, India",+91 22 23803388
British Oak Tree Nursery,"Site No-4 Mayfield Garden Sector 57, Opp Orchid Islands, Gurgaon, Haryana, India",+91 95 8294 8440
Buddhi School,"1&2 Dasarahalli Extension, HA Farm Post, (Next to Legacy Apartments), Opposite to Shoba Moonsto+, Bengaluru, Karnataka, 560024, India",+91 92420 20302
Bunts Sangha's S.M. Shetty International School & Jr. College,"Hiranandani Gardens, Powai, Mumbai, Maharashtra, 400076, India",+91 22 61327346
C P Goenka International School - Juhu,"Plot No 44, Gulmohar Cross Road No 1, JVPD, Vile Parle (West), Mumbai, Maharashtra, 400049, India",+91 93 2259 1709
"C P Goenka International School - Pune, Wagholi","Behind Hotel Mapple Adhwryou, Gate No. 1347/I, Ubale Nagar, Wagholi, Maharashtra, 412207, India",+91 20 2740 1292
Calcutta International School,"724 Anandapur, E M Bypass, Kolkata, West Bengal, 700107, India",+91 33 2443 2054
Caledonian International School,"Near Power Gym, Saili Road, Pathankot, Punjab, 145001, India",+91 98880 00189
Calorx Olive International School,"Besides Ahmedabad Dental College, Near Arjun Farm, Ranchodpura - Bhadaj Road, Ahmedabad, Gujarat, 380058, India",+91 90 9993 3804
Cambridge International School,"Choti Baradari, Phase II, Jalandhar, Punjab, 144001, India",+91 181 462 3955
Cambridge International School - Dasuya,"Hazipur Road, Dasuya, Hoshiarpur, Punjab, 144205, India",+91 1883 502108
Campion International School,"River Side Avenue, Shalbari, West Bengal, India",+91 99335 39999
Canadian International School,"Survey No 4 & 20, Manchenahalli, Yelahanka, Bengaluru, Karnataka, 560064, India",+91 80 4249 4444
Candor International School,"Koppa-harapanhalli Road, Hullahalli, Off, Bannerghatta Main Rd, near Electronic City, Bengaluru, Karnataka, 560105, India",+91 77 6029 9992
Chatrabhuj Narsee School,"Valley of Flower, Next to Gundecha Premiere Tower, off. Western Express Highway, Kandivali East, Mumbai, Maharashtra, 400101, India",+91 22 2886 6677
Chinmaya International Residential School,"Nallur Vayal Post, Siruvani Road, Coimbatore, Tamil Nadu, 641114, India",+91 422 261 3300/3303
Chinmaya International Vidyalaya,"P-125, Warangade, Maan, Taluka and Dist: Palghar, Boisar, Maharashtra, 401501, India",+91 73 7848 9121
CHIREC International,"1-55/12C, CHIREC Avenue, Kothaguda, Kondapur, Hyderabad, Telangana, 500084, India",91 40 44760999
Choithram International,"Choithram Hospital Campus, 5 Manik Bagh Road, Indore, Madhya Pradesh, 452014, India",+91 731 2360345/6
Christ Church School,"Clare Road, Byculla, Mumbai, Maharashtra, 400008, India",+91 22 2309 9892
Christ Junior College,"29 Hosur Road, Suddagunte Palya, Bengaluru, Karnataka, 560029, India",+91 80 40129292
Christ Junior College - Residential,"Mysore Road, Kanmanike, Kumbalgodu, Bengaluru, Karnataka, 560074, India",+ 91 80 28437915
CPS Global School - Anna Nagar Campus,"A 80, IIIrd Avenue, Annanagar, Chennai, Tamil Nadu, 600102, India",+91 44 4351 5121
CPS Global School - Thirumazhisai Campus,"SH 50, Thiruvallur High Road, Thirumazhisai, Chennai, Tamil Nadu, 600124, India",+91 44 3500 3800
Crossroads International School,"11-12 Modern Complex, Devendra Dham Ki Gali, Opposite Celebration Mall, Udaipur, Rajasthan, 313001, India",+91 29 4298 0215
Cygnus World School,"Besides Motnath Mahadev Temple, Harni, Vadodara, Gujarat, 390022, India",+91 90 9913 0334
D Y Patil International College,"DY Patil Knowledge City, Charholi(BK), Via. Lohegaon, Pune, Maharashtra, 412105, India",+91 20 30612700/752/753
"D Y Patil International School, Lohagaon","Charoli Bd., Lohagaon, Pune, Maharashtra, 412105, India",+91 020 30612 714
"D Y Patil International School, Nagpur","MIHAN Project Area, Village Khapri (Railway), Nagpur, Maharashtra, 441108, India",+91 22 3928 5999
"D Y Patil International School, Nerul","Dr D Y Patil Vidhyanagar, Sector 7, Nerul, Navi Mumbai, Maharashtra, 400706, India",+91 22 47700840
"D Y Patil International School, Worli","Opp MIG Colony A, Worli, Mumbai, Maharashtra, 400025, India",+91-22 69047999
Daly College,"Residency Area, Indore, Madhya Pradesh, 452001, India",+91 7312 719000
De Paul International Residential School,"Belagola, Srirangapatna, Taluk, Avverahalli, Karnataka, 571606, India",+91 9535187506
Delhi Public School Ghaziabad,"Site #3, Industrial Area, Meerut Road, Ghaziabad, Uttar Pradesh, 201002, India",+91 120 2712236
Deutsche Schule New Delhi,"EP16/17 Chandragupta Marg, Chanakyapuri, New Delhi, Delhi, 110021, India",+91 11 2611 2193
Dhirubhai Ambani International School,"Bandra-Kurla Complex, Bandra (East), Mumbai, Maharashtra, 400098, India",+91 22 40617000
Diamond Stone International School,"Nallur Road, Madivallam Cross, Hosur, Tamil Nadu, 635109, India",+91 766 731 2999
Don Bosco International School,"Nathalal Parekh Marg, Matunga (E), Mumbai, Maharashtra, 400019, India",+91 22 2412 7474
"DPS International, Gurgaon","HS-01, Block W, South City II, Gurgaon, Haryana, 122001, India",+91 8377000164
"DPS International, Saket","P-37 MB Road, Sector VI, Pusph Vihar, Saket, New Delhi, Delhi, 110057, India",+91 11 2956 1187
DPSG Palam Vihar,"951 Major Sushil Aima Marg, Sector 1, Palam Vihar, Gurugram, Haryana, 122017, India",+91 85 9502 0202
Dr Pillai Global Academy,"Plot No 1, RSC 48, Gorai - II, Borivali (W), Mumbai, Maharashtra, 400092, India",+91 22 2868 4467/87
"Dr Pillai Global Academy, New Panvel","Sector-7, Khanda Colony, New Panvel, Navi Mumbai, Maharashtra, 410206, India",+91 22 2748 1737
DRS International School,"Survey No. 523 Opp.Apparel Park, Gundla Pochampally, Medchal Mandal, Telangana, Hyderabad, 500100, India",+91 40 237 92123/4/5
DSB International School,"Urmi Estate 95, Ganpatrao Kadam Marg, Opposite Peninsula Business Park, Mumbai, Maharashtra, 400013, India",+91 73 0459 7529
Dwarkibai Gangadhar Khetan International School,"Krishna Realties, Behind Sunder Nagar, Off. S.V. Road & Link Road, Malad (West), Mumbai, Maharashtra, 400064, India",+91 22 28785360
Eastern Public School,"Ward 1, Abbas Nagar, Bhopal, Madhya Pradesh, 462036, India",+91 755 2805695
Ecole Mondiale World School,"Gulmohar Cross Road No. 9, J.V.P.D. Scheme, Juhu, Mumbai, Maharashtra, 400049, India",+91 22 26237265/66
Edubridge International School,"Wadilal A. Patel Marg, Grant Road (East), Mumbai, Maharashtra, 400007, India",+91 22 238 999 11
Ela Green School,"No.1 Karambur Village, Chengalpattu Taluk, Kandchipuram District, Urapakkam, Maraimalai Nagar, Chennai, Tamil Nadu, 603209, India",+91 89 3995 8989
Elpro International School,"Elpro compound, Entrance from Shridhar Nagar road, Pimpri-Chinchwad Link Road, Pune, Maharashtra, 411033, India",+91 20 6733 3500
European International School,"7A, Wisecy House, 14/15 Nanchundaroa Road, Injambakkam, Chennai, Tamil Nadu, 600115, India",+91 44 24492562
Excelsior American School,"Sector 43 behind Dell Building, C-2 Block, Sushant Lok, Phase 1, Gurugram, Haryana, 122001, India",+91 1 124 4049342
Fazlani L'Académie Globale,"Shiv das Chapsi Marg, Opp. Wallace Flour Mills, Mazagaon, Mumbai, Maharashtra, 400009, India",+91 222 373 2730
FirstSteps School,"Opp. Blind Girls Hostel, Sector 26, Chandigarh, Punjab, 160019, India",+91 172 2793992
Fountainhead School,"Opp Ambetha Water Tank, Kunkni, Rander-Dandi Road, Surat, Gujarat, 395005, India",+91 800 0130 031
Fravashi International Academy,"Adjacent to Gangapur Dam Rest House, Gangapur - Dugaon Road, Dugaon Village, Nashik, Maharashtra, 422203, India",+912532215000
G D Goenka Global School,"S-3130, DLF 3, Near Neelkanth Hospital, Gurugram, Haryana, 122010, India"
G D Goenka World School,"G D Goenka Education City, Sohna-Gurgaon Road, Sohna, Haryana, 122103, India",+91 95 1363 1471
G Global School,"29A, Rajagoundampalayam 2nd Street, Pallipalayam Road, Tiruchengodu, Tamil Nadu, 637211, India",+91 42 8825 0999
Garodia International Centre for Learning,"153, Garodia Nagar, Ghatkopar East, Mumbai, Maharashtra, 400077, India",+91 22 25061133/3157
Gateway International School,"TOD Ashram, Jabakadal Street, Padur, Kazhipattur Post, Kelambakkam, Chennai, Tamil Nadu, 603103, India",+ 91 860 811 7700
GEMS Akademia International School,"Bakrahat Road, Thakurpukur, P.O. Rasapunja, Kolkata, West Bengal, 700104, India",+91 (033) 249 80671
GEMS Cambridge International School - Batala,"Amritsar Road, Batala, Punjab, 143505, India",+91 9257292300
GEMS Cambridge International School - Hoshiarpur,"Jalandhar - Phagwara, ByPass Road, Hoshiarpur, Punjab, 146111, India",+91 97798 89306
GEMS Genesis International School,"Near Viashnovedi Circle, SP Ring Road, Ahmedabad, Gujarat, 382421, India",+91 927 4 022333
GEMS International School - Palam Vihar Gurgaon,"Block C-2, Palam Vihar, Gurgaon, Haryana, 122015, India",+91 124 463 6900
GEMS Modern Academy - Gurgaon,"Block E, South City II, Gurgaon, Haryana, 122018, India",+91 124 652 1700
GEMS Modern Academy - Kochi,"Plot B1-4, Smart City Kochi, Opp. Infopark Phase II, Brahmapuram, Kochi, Kerala, 682303, India",+91 48 4258 7800
Genesis Global School,"A1 & A12, Sector 132, Noida Expressway, Uttar Pradesh, 201304, India",+91 9711 000626
German International School Chennai,"4/391 Ram Garden Anna Salai, Palavakkam, Chennai, Tamil Nadu, 600041, India",+91 44 2451 2504
GJR International School,"1/1 & 1/2 Chinnappanahalli, Bangalore, Karnataka, 560037, India",+91 96 0648 9500
Glendale Academy,"Beside Sun City, Artillery Centre Gate, Hyderabad, Telangana, 500086, India",+91 7416 7419 36
Glendale International School,"Plot A, Road No. 20, HMDA Layout, Tellapur, Hyderabad, Telangana, 502032, India",+91 90 3000 1128
Global City International School,"135, 5th Main, 6th Cross, Malleshpalya, New Thippasandra Post, Near CV Raman Nag+, Bengaluru, Karnataka, 560075, India",+91 80 25349199
Global English School - Calicut,"Kaimpalam, Pantheerankavu- Mankavu Road, Pantheerankavu, Calicut, Kerala, India",+91 495 243 5511
Global Indian International School (GIIS ) Uppal Campus,"Survey No. 8 & 9, Peerjadiguda, Uppal Mandal, Hyderabad, Telangana, India"
Global Indian International School (GIIS) Ahmedabad Campus,"Godrej Garden City, Jagatpur, Ahmedabad, Gujarat, 382470, India",+91 80 0572 2810
Global Indian International School (GIIS) Balewadi Campus,"Kul Echoloch', Near Balewadi Sports Complex, Nande–Balewadi Road, Mahalunge, Pune, Maharashtra, 411045, India",+91 80 0572 2810
Global Indian International School (GIIS) Bannerghatta Campus,"Bannerghatta Main Road, Gollahalli, Bannerghatta, Bangalore, Karnataka, 560083, India",+91 80 0572 2810
Global Indian International School (GIIS) Hadapsar Campus,"Leisure Town, Behind Amanora Fire Station, Malwadi, Hadapsar, Pune, Maharashtra, 411028, India",+91 80 0572 2810
Global Indian International School (GIIS) Noida Campus,"D-5, Sector 71, (2 Km from Noida City Centre Metro Station), Noida, Uttar Pradesh, 201301, India",+91 80 0572 2810
Global Indian International School (GIIS) Surat Campus,"Chalthan (Next to Chokhi Dhani), Kadodara–Palsana Highway, Surat, Gujarat, 394305, India",+91 80 0572 2810
Global Indian International School (GIIS) Whitefield Campus,"No-5, 6, 8 Heggondahalli Village, Whitefield Sarjapur Main Road, Gunjur Post, Bangalore, Karnataka, 560087, India",+91 80 0572 2810
Goldcrest International,"Sector 29, Plot No: 59, Near Rajiv Gandhi Park, Navi Mumbai, Maharashtra, 400703, India",+91 22 2789 2261
Good Shepherd International School,"Good Shepherd Knowledge Village, M Palada PO, Ootacamund, Tamil Nadu, 643 004, India",+91 423 2550371
GPS Brookes Kochi,"P.O, Thiruvaniyoor, Thiruvankulam - Chottanikkara Rd, Kochi, Kerala, 682308, India",+91 484 271 3745
Grassroots Global School,"7/4, Lynwood Avenue, Mahalingpuram, Chennai, Tamil Nadu, 600034, India",+91 44 2825 5969
Greenwood High International School,"No.8-14, Chickkawadayara Pura, Near Heggondahalli, Gunjur Post, Varthur via, Bengaluru, Karnataka, 560087, India",+91 80 22010500
Harvest International School,"Carmalaram post silk farm, Kodathi village, Off sarjapur road, near Kodathi village, Bangalore, Karnataka, 560035, India",+91 80 6733 1884
Harvest International School,"Carmalaram post silk farm, Kodathi village, Off sarjapur road, near Kodathi village, Bangalore, Karnataka, 560035, India",+91 80 6733 1884
Hebron School,"Lushington Hall, Ootacamund, Tamil Nadu, 643001, India",0091 423 2225820
"Heritage Xperiential Learning School, Gurgaon","Sector 62, Gurgaon, Haryana, 122011, India",+91 124 2855124
HFS International Powai,"Richmond Street, Hiranandani Gardens, Powai, Mumbai, Maharashtra, 400076, India",+91 22 2576 3001
Hill Spring International School,"C Wing, NSS Educational Complex, MP Mill Compound, Tardeo, Mumbai, Maharashtra, 400034, India",+91 22 2355 6201
Hillside Academy,"Road No 46, Jubilee Hills, Hyderabad, Telangana, 500033, India",+91 40 2354 6113
Himalayan International Residential School,"P. O. Rajganj, Dist Jalpaiguri, West Bengal, 735134, India",+91 98008 72984
Himali Boarding School,"Doomaram, P.O. Kurseong, Dist Darjeeling, West Bengal, 734203, India",+913542332529
Hindustan International School,"40 GST Road, St Thomas Mount, Guindy, Chennai, Tamil Nadu, India",+91 44 2234 2020
HLC International - Chennai,"Wing Haven Gardens, Karanai, Chennai, Tamil Nadu, 603103, India",+91 99628 05259
HUS International School,"5/63 Old Mahabalipuram Ro, Egattur Village, Padur PO, Kelambakkam, Chennai, Tamil Nadu, 600130, India",+91 9500 118651
HVB Global Academy,"79 Marine Drive, Mumbai, Maharashtra, 400020, India",+91 22 6143 6000/71
India International School,"26/1, Sarjapur Road, Chikkabellandur, Bengaluru, Karnataka, 560035, India",+91 080 2843 9001
India International School,"26/1, Sarjapur Road, Chikkabellandur, Bengaluru, Karnataka, 560035, India",+91 080 2843 9001
Indus International School (Bangalore),"Billapura Cross, Sarjapur, Bengaluru, Karnataka, 562125, India",+91 80 2289 5900
"Indus International School, Hyderabad","Survey No 424 & 425, Kondakal Village, Near Mokila (M), Shankarpally, Hyderabad, Telangana, 501203, India",+91 8417 302100
"Indus International School, Pune","576 Bhukum, Near Manas Resort, Tal Mulshi, Pune, Maharashtra, 411042, India",+91 80 2289 5900
International Fateh Academy,"Academy Road, Jandiala Guru, Amritsar, Punjab, 143001, India",+91 18 3243 0205
International School Aamby,"Aamby Valley City, Ambavene, Pune, Maharashtra, 410401, India",+91 20 3910 2500
International School Kashmir (ISK),"Baghat Chowk, Srinagar, Jammu & Kashmir, India",+91 9419038733
International School of Hyderabad,"ICRISAT Main Entrance Gate, Patancheru, Ramachandrapuram, Hyderabad, Telangana, 502324, India",+91 4030713865
International Village School Chennai,"33A, Clasic Farms Road, Sholinganallur, Chennai, Tamil Nadu, 600119, India",+91 44 4860 3757
Inventure Academy,"Whitefield - Sarjapur Road, Chikkavaderapura, Near Dommasandra Circle, Bengaluru, Karnataka, 562125, India",+91 80 27822101
Ithaka International School,"Near Kanuparthipadu, Golagamudi Road, Nellore, Andhra Pradesh, India",+91 861 6521 111
Jain International Residential School,"Jakkasandra Post, Kanakpura Road, Ramanagara District, Bengaluru, Karnataka, 562112, India",+91 80 2757 7750
Jamnabai Narsee International School,"Narsee Monjee Bhavan, N.S. Road No.7, J.V.P.D Scheme, Vile Parle (West), Mumbai, Maharashtra, 400049, India",+91 (0)22 26187575/ 7676
Jayshree Periwal High School,"3, Adjoining Stadium, Ajmer Road, Chitrakoot, Jaipur, Rajasthan, 302021, India",+91 141 4132222
Jayshree Periwal International School,"Mahapura, SEZ Road, Ajmer Road, Jaipur, Rajasthan, 302026, India",+91 97827 44444/44445
JBCN International School - Borivali,"Plot CTS No. 96, Remison Towers, Near Bhagwati Hospital, Baburao Ranade Marg, Opp. Union Bank Staff Quarters, B+, Mumbai, Maharashtra, 400103, India",+91 22 2892 7089
JBCN International School - Chembur,"Yogi Tower, Chembur Education Society, CTS No. 1284 (Chembur), R.C. Marg, Chembur (E), Mumbai, Maharashtra, 400071, India",+91 86 5797 6711
JBCN International School - Oshiwara,"Survey No. 41, CTS No. 1, Off Andheri Link Road, Behind Tarapore Towers, Mhada Colony, Oshiwara, Andher+, Mumbai, Maharashtra, 400058, India",+91 22 2630 2398
JBCN International School - Parel,"Yogi Mansion, CTS No. 244, Dr Vinay Walimbe Road, Off Dr S.S. Rao Marg, Parel East, Mumbai, Maharashtra, 400012, India",+91 22 2411 4627
JG International School,"JG Campus of Excellence, JG Campus Road, Ahmedabad, Gujarat, 380061, India",+91 79 65411315
Johnson Grammar School ICSE&IBDP,"Street No 3, Kakatiya Nagar, Habsiguda, Hyderabad, Andhra Pradesh, 500007, India",+91 81064 72685
Jyotirmay International School,"Opp Wageshwar Temple, Gat No 2188 A, Pl No. 8 & 9 A, Bhd. Rambhau Moze Engineering College, BAIF Rd, Wagholi, Pune, Maharashtra, 412207, India",+91 20 65100784
K.R. Mangalam Global School,"N-Block, Nandi Vithi Road, Greater Kailash-1, New Delhi, Delhi, 110048, India",+91 97 1885 8181
"K.R. Mangalam Global School, Gurugram","Opp. D Block, near Patio Club, Block K, South City I, Sector 41, Gurugram, Haryana, 122001, India",+91 95 1363 2642
Kai Early Years,"66/2, 2nd Main Road, Nallurhalli, Whitefield, Bangalore, Karnataka, 560066, India",+91 97 4048 0123
KC High,"12/4, Arunachalam Road, Kotturupuram, Chennai, Tamil Nadu, 600085, India",+91 (44) 2447 3551
Kennedy High - The Global School,"Bachupally, Miyapur-Medchal Highway, Hyderabad, Telangana, 500090, India",+91 40 64646477
KiiT International School,"KiiT Campus 9, Patia, Bhubaneswar, Odisha, 751024, India",+91 7205643572
King's College India,"A1 Sector 5, Rohtak, Haryana, 124001, India",+91 708 200 5414
Knowledgeum Academy,"44/4 District Fund Road, Jayanagar 9th Block, Bangalore, Karnataka, 560069, India",+91 73 5301 2391
Kodaikanal International School,"PO Box 25, Seven Roads Junction, Kodaikanal, Tamil Nadu, 624101, India",+91 4542 247500
Kohinoor American School,"Old Mumbai - Pune Highway, Near to The Dukes Retreat, Khandala, Maharashtra, 410301, India",+91 9324323003
L’Ecole Française Internationale de Bombay,"Ashishwang Bungalow, Plot No.72, Pochkhanwala Road, Worli, Mumbai, Maharashtra, 400030, India",+ 91 (0)22249 08801
Lady Andal Venkatasubba Rao Matriculation School,"Shenstone Park, No.7 Harrington Road, Chennai, Tamil Nadu, 600031, India",+91 44 2836 3404
Lakshmipat Singhania Academy,"12B Alipore Road, Kolkata, West Bengal, 700027, India",+91 33 2479 3600
Lalaji Memorial Omega International School,"79, Omega School Road (Pallavaram Road), Kolapakkam, Kovur Post, Chennai, Tamil Nadu, 600128, India",+91 44 66241127
Lancers International School,"DLF Phase V, Sector 53, Gurgaon, Haryana, 122001, India",+91 124 423 8753
Learning Panorama School,"Plot no 25c, Old MHB Colony, OPP Vaidya Kumar Gdn, Nr Don Bosco School, Gorai Link Road, Borivali(W), Mumbai, Maharashtra, 400092, India",+91 22 6553 9224
"Legacy School, Bangalore","6/1 A, 6/2 Byrathi Village, Bidarahalli Hobli, East Taluk, Bengaluru, Karnataka, 560077, India",+91 70222 92405
Lycée français de Pondichéry,"12 rue Victor Simonel, Pondicherry, Tamil Nadu, 605001, India",+91 413 233 58 31
M Ct M Chidambaram Chettyar International School,"179, Luz Church Road, Mylapore, Chennai, Tamil Nadu, 600004, India",+91 44 2467 0120
Mahatma Gandhi International School,"Sheth Motilal Hirabhai Bhavan, Opp. Induben Khakhrawala, Mithakali, Navrangpura, Ahmedabad, Gujarat, 380006, India",+91 79 2 646 3888
Mahindra International School,"P26, Rajeev Gandhi Infotech park, Phase 1, Hinjewadi, Pune, Maharashtra, 411057, India",+91 2042954444
Mainadevi Bajaj International School,"Plot No: 23-A, 24-28 Swami Vivekanand Road, Malad (West), Mumbai, Maharashtra, 400064, India",+91 22 28733807
Mallya Aditi International School,"Yelahanka New Town, Bengaluru, Karnataka, 560106, India",+91 80 40447000
Manchester International School,"SF 29/3A, Hudco Colony, Vellakinar, Coimbatore, Tamil Nadu, 641029, India",+91 422 655 5551
Manthan International School Kompally,"1150 Ayyappa Society Main Road, Madhapur, Hyderabad, Telangana, 500081, India",+91 4220 6060
Maple Bear Canadian School,"4-7 C DDA Shopping Centre, New Friends Colony, New Delhi, Delhi, 110025, India",+91 9711165900
Mayo College,"Sri Nagar Road, Ajmer, Rajasthan, 305007, India",+91 145 266 1697
Mayo College Girls' School,"Mayo Link Road, Ajmer, Rajasthan, 305001, India",+91 145 266 1286
"Meridian School, Banjara Hills","#8-2-541, Road No.7, Banjara Hills, Hyderabad, Telangana, 500034, India",+91 80 9691 8857
"Meridian School, Madhapur","#11/4 & 11/5, Opp: Hitech City, Kukatpally Bypass Road, Khanamet Village, Sherlingampally Mandal, Hyderabad, Telangana, 500081, India",+91 99 4804 3440
"MET Rishikul Vidyalaya - Bhujbal Knowledge Centre, Mumbai","Bandra Reclamation, Bandra (West), Mumbai, Maharashtra, 400050, India",+91 22 2644 0446
Metro Delhi International School,"AIPF Campus, Mission Hospital Road, Sat Bari, Chattarpur, New Delhi, Delhi, 110074, India",+91 8860150178
MGD Girls' School,"Tonk Rd, Ashok Nagar, Jaipur, Rajasthan, 302001, India",+91 1412 364478
Miri Piri Academy,"Guru Ki Wadali, Chheharta, Amritsar, Punjab, 143105, India",+91 805 401 8906
MM International School,"MM Educational Complex, Mullana, Ambala, Haryana, 133003, India",+91 1731 275400
MM International School,"MM Educational Complex, Mullana, Ambala, Haryana, 133003, India",+91 1731 275400
Modern High School for Girls,"78, Syed Amir Ali Avenue, Kolkata, West Bengal, 700019, India",+913322875326
Modern School,"Sector E, Aliganj, Lucknow, Uttar Pradesh, 226024, India",+91 955 493 3337
Mody School,"Mody Institute of Education & Research, Lakshmangarh, Rajasthan, 332311, India",+91 91 16637196
Motilal Nehru School of Sports,"Grand Trunk Road, Rajiv Gandhi Education City, Rai, Sonipat, Haryana, 131029, India",+91 1302 366201
Mount Litera School International,"GN Block, Behind Asian Heart Hospital, Near UTI Building, Bandra Kurla Complex, Bandra- East, Mumbai, Maharashtra, 400051, India",+91 22 6229 6000
Mussoorie International School,"Srinagar Estate, Polo Ground, Mussoorie, Uttarakhand, 248179, India",+91 135 2630250
Nahar International School,"Nahar's Amrit Shakti, Chandivali Farm Road, Off Saki Vihar Road, Andheri East, Mumbai, Maharashtra, 400072, India",+91 (0)22 6838 5500
Navrachana International School,"Vasna Bhayali Road, Bhayali, Vadodara, Gujarat, 391410, India",+91 265 225 3851/2/3/4
Neerja Modi School,"Shipra Path, Near Building Technology Park, Mansarovar, Jaipur, Rajasthan, 302020, India",+91 141 2785 484
Neev Academy - North Campus,"No. 14, Park Road, Tasker Town, Bengaluru, Karnataka, 560001, India",+91 80 41144285
Neev Academy - Yemalur Campus,"No. 16, Yemalur-Kempapura Main Road, Opp. Sai Garden Apartments, Yemalur, Bengaluru, Karnataka, 560037, India",+91 80 71101700
NES International School Dombivli,"Sankara Nagar, Kalyan-Shil Road Opp. DNS Bank, Sonarpada, Dombivli (E), Thane, Mumbai, Maharashtra, 421203, India",+91 84 22994436
NES International School Mumbai,"Malabar Hill Road, Vasant Garden, Mulund(W), Mumbai, Maharashtra, 400082, India",+91 22 25911478
NEXT School,"Park Road, Off Devi Dayal Road, Mulund W, Mumbai, Maharashtra, 400080, India",+91 22 25600036
Niraj International School,"Kandlakoya, 5 km from Dhola-ri-Dhani, Hyderabad, Telangana, 132133, India",+91 84 18200476
"Oakridge International School, Bachupally","Survey No 166/6, Bowrampet Village, Near Bachupally, Hyderabad, Telangana, 500043, India",+91 720 764 8111
"Oakridge International School, Bengaluru","Varthur Road, Near Dommassandra Circle, Sarjapur Hobli, Bengaluru, Karnataka, 562125, India",+91 0802 254 3600
"Oakridge International School, Gachibowli","Khajaguda, Nanakramguda Road, Cyberabad, Hyderabad, Telangana, 500008, India",+91 7207 648 111
"Oakridge International School, Mohali","Next to Thunderzone Amusement Park, Mohali, Punjab, 140307, India",+91 752 701 3370
"Oakridge International School, Visakhapatnam","NH 5 Road, Behind HP Petrol Bunk, Maharajpeta Junction, Tagarapuvalasa, Visakhapatnam, Andhra Pradesh, 531162, India",+91 773 081 6999
Oasis International School,"No. 29, 1st Stage, 1st Block, HBR Layout, Bengaluru, Karnataka, 560043, India",+91 8025433053
Oberoi International School,"Oberoi Garden City, Off Western Express Highway, Goregaon (E), Mumbai, Maharashtra, 400063, India",+91 22 4236 3131
Oberoi International School - JVLR Campus,"Jogeshwari Vikroli Link Road, Jogeshwari East, Mumbai, Maharashtra, 400060, India"
P P Savani Cambridge International School,"Mota varaccha, Abrama Road, At & Po Abrama Tah-Kamrej, Surat, Gujarat, 394150, India",+912616503388
Panbai International School,"Guru Narayan Rd, Sen Nagar, Near.B.M.C office, Santacruz (East), Mumbai, Maharashtra, 400055, India",+91 22 2617 7771
Pathways School Gurgaon,"Baliawas, Off Gurgaon Faridabad Road, Gurgaon, Haryana, 122003, India",+91 124 487 2000
Pathways School Noida,"Sector 100, Noida, Uttar Pradesh, 201301, India",+91 120 461 7000
"Pathways World School, Gurgaon","Aravali Retreat, Off Gurgaon Sohna Road, Gurgaon, Haryana, 122102, India",+91 124 451 3000
Pinnacle High International School,"Sunder lane, Orlem, Malad (w), Mumbai, Maharashtra, 400064, India",+91 22 2844 9155
Podar International School,"Ramee Emerald Building, Near Shamrao Vithal Bank, S.V.Road, Khar (West), Mumbai, Maharashtra, 400052, India",+91 22 2648 7321
Podar International School (Kalyan),"H/N 9, Next to Union Cricket Ground, Gandhari Viilage, Khadakpada, Kalyan, Maharashtra, 421301, India",+91 251 2203028
"Podar O.R.T International School, Worli","PODAR-ORT School Building, 68, Worli Hill Estate, Worli, Mumbai, Maharashtra, 400018, India",+91 7506112200
Primus Public School,"Post Box 21, Chikanayakanahalli Village, Off. Sarjapur Road, Bengaluru, Karnataka, 560035, India",+91 80 2574 1450
Prometheus School,"I-7, Jaypee Wishtown, Sector 131, Noida, Uttar Pradesh, 201304, India",+91 99 9987 6583
Punjab Public School,"Nabha, Punjab, 147201, India",+91 9316 780250
Queen Mira International School,"Melakkal Road, Kochadai, Madurai, Tamil Nadu, 625016, India",+91 96557 77000
Rasbihari International School,"Vrindavan, Nashik-Ozar Road, Nashik, Maharashtra, 422003, India",+91 253 230 4622
RBK International Academy,"Opp. Indian Oil Nagar, Near Shankara Colony, Ghatkopar-Mankhurd Link Road, Mumbai, Maharashtra, 400088, India",+91 7400091646/7/8/9
Redbridge International Academy,"#114, S Bingipura Village, Hulimangala Post, Begur-Koppa Road, Bangalore, Karnataka, 560105, India",+91 9620863456
RIMS International School and Junior College,"New Link Road, Near Fun Republic, Andheri West, Mumbai, Maharashtra, 400049, India",+91 22 6699 4333
Riverside International School,"c/o Project India, Project India Educational Center, Mori, Godavari, 533250, India",+91 8862226492
Rockwell International School,"Sy No.160(p), Gandipet Main Rd, Kokapet, Hyderabad, Telangana, 500075, India",+91 9618662201
Rungta International School,"Near Nandan Van, Veer Savarkar Nagar, Raipur, Chhattisgarh, 492099, India",+91 98261 45333
Ryan Global School,"Yamuna Nagar, Lokhandwala, Andheri (west), Mumbai, Maharashtra, 400058, India",+91 22 2632 0203/05
Sanatan High School,"D-Block, Ranjeet Nagar, Bharatpur, Rajasthan, 321001, India",+91 95 2119 1522
Sancta Maria International School - Faridabad,"Sector 93, Faridabad, Haryana, 121002, India",+91 99991 16900
Sancta Maria International School - Hyderbad,"Survey No 106/107, Serilingampally, Hyderbad, Telangana, 500019, India",+91 40 2301 1222
Sangam School of Excellence,"N.H. 79, Atun, Bhilwara By Pass, Chittorgarh Highway, Bhilwara, Rajasthan, 311001, India",+91 1482 249 700
Sanjay Ghodawat International School,"Gat No. 555, Kolhapur - Sangli Highway, Atigre, Maharashtra, India",+91 231 2689700
Sanskar School,"117-121, Vishwamitra Marg, Hanuman Nagar Ext., Sirsi Road, Jaipur, Rajasthan, 302012, India",+91 0141 2246189
Sarala Birla Academy,"Bannerghatta PO, Jigni Road, Bengaluru, Karnataka, 560083, India",+91 80 41348200/03
SCAD World School,"SCAD Knowledge City, Palladam - Pollachi Highway, Palladam, Tamil Nadu, 641664, India",+91 8012551468
Scindia Kanya Vidyalya,"Moti Mahal Road, Gwalior, Madhya Pradesh, 474009, India",+91 751 232 2137
Scottish High International School,"G-Block, Sector 57, Sushant Lok-II, Gurugram, Haryana, 122011, India",+91 124 4112781-90
Seedling International Academy,"Sector-4, Park Lane, Jawahar Nagar, Jaipur, Rajasthan, 302004, India",+91 141 2653377
SelaQui International School,"PO Sela Kui, Chakrata Road, Dehradun, Uttarakhand, 248197, India",+91 7669 04 04 04
Shantiniketan International School,"35-25, GKColony, Ramakrishnapuram, Secunderabad, Telangana, 500056, India",+91 73311 95555
Sharanya Narayani International School,"#232/1, Thoranahalli, Byranahalli post, Near Hoskote, Bengaluru, Karnataka, 563130, India",+91 80 46629500
Shigally Hill International Academy,"P.O.Box No. 239, Doon Valley, Shigally Estate, Mussoorie Road, Via Malsi Deer Park, Guniyal Gaon, Dehradun, Uttarakhand, 248001, India",+91 98370 98368
Shiv Nadar School Gurugram,"DLF City, Phase -1 Block -E, Pahari Road, Gurugram, Haryana, India",+91 124 4549200
Shiv Nadar School Noida,"Plot No -SS -1, Expressway Sector 168, Noida, Uttar Pradesh, 201305, India",+91 8130200199
Shree Swaminarayan Gurukul Vishwavidya Pratishthanam SGVP,"Nr. SGVP Circle, SG Highway, Chharodi, Ahmedabad, Gujarat, 382481, India",+91 2717 242138/9
"Silver Oaks International School, Bangalore","Sy No:188/3 & 188/4, Sarjapur Road, Dommasandra village, Bengaluru, Karnataka, 562125, India",+91 97394 75900
"Silver Oaks International School, Hyderabad","Miyapur-Dindigal Road, Bachupally, Hyderabad, Telangana, 500090, India",+91 40 23047777
"Silver Oaks International School, Visakhapatnam","Adj Gitam Medical College, Yendada Road, Rushikonda, Visakhapatnam, Andhra Pradesh, 530045, India"
"Singapore International School, Mumbai","On National Highway No. 8, Post Mira Road, Dahisar, Mumbai, Maharashtra, 401104, India",+91 222 828 5200
Smt. Sulochanadevi Singhania School,"Pokharan Road No.1, J K Gram, Thane (West), Maharashtra, 400606, India",+91 22 4036 8410/1
South City International School,"375 Prince Anwar Shah Road, Kolkata, West Bengal, 700068, India",+91 33 4007 2000
Sreenidhi International School,"Near Appa Junction, Moinabad, Hyderabad, Telangana, 500075, India",+91 9912244409
SRV International School,"Marappan Thottam, 4/3 Gandhi Salai, Pattanam Road, Rasipuram, Namakkal, Tamil Nadu, 637408, India",+91 96 5562 4458
Step by Step School,"Plot A 10, Sector 132 Taj Expressway, Noida, Uttar Pradesh, 201303, India",+91 12 0508 7300
Strawberry Fields High School,"Sector 26, Chandigarh, Punjab, 160019, India",+91 172 279 5903/5904
Suncity School,"Suncity Township, Sector 54, Gurgaon, Haryana, 122002, India",+91 (0)124 4845300 (Ext:302)
Sunflower English School,"Sunflower House, 80 Feet Road, Near Bhaktinagar Circle, Rajkot, Gujarat, 360002, India",+91 93772 12341
Sunshine Worldwide Secondary School,"20/1-B, Bainguinim, Off NH-748 By-pass Kadamba Road, Old Goa. Goa, 403402, India",+91 98 5032 3818
SVKM JV Parekh International School,"CNM School Campus, Dadabhai Road, Off. S.V. Road, Vile Parle (West), Mumbai, Maharashtra, 400056, India",+91 22 4233 3030
Symbiosis International School,"Symbiosis Viman nagar Campus, Off. New AirPort road, Viman Nagar, Pune, Maharashtra, 411014, India",+91 20 2655 7300
Taktse International School,"PO Box 90, Gangtok, Sikkim, 737101, India",+91 3592 237081
TCIS,"Survey no. 215/3, Varthur Sharjapur, Whitefield Main Road, Bangalore, Karnataka, India",+91 78 9902 5222
Thakur International School,"C.T.S. No. 1299 Shivaji Road, Off M.G. Road, Kandivali (W), Mumbai, Maharashtra, 400067, India",+91 22 2802 1333
The Assam Valley School,"P.O. Balipara, Dist. Sonitpur, Balipara, Assam, 784101, India",+91 9678074320
"The Bombay Suburban Grain Dealers' Junior College of Commerce, Arts & Science","Road No.1, Bhadran Nagar, S V Road, Malad (W), Mumbai, Maharashtra, 400064, India",+91 22 2808 5424
The British School,"Dr Jose P Rizal Marg, Chanakyapuri, New Delhi, Delhi, 110021, India",+91 11 4066 4166
"The British School, Chandigarh","Sector 44 B, Chandigarh, Punjab, 160044, India",+91 172 4605000
"The British School, Sector 8, Panchkula","Panchkula, Haryana, 134109, India",+91 172 4646246
The Cambridge School,"7& 7/1 Satyendra Nath, Majumder Sarani, Kolkata, West Bengal, 700026, India",+91 33 82320 42019
The Cathedral & John Connon School,"6 Purshottamdas Thakurdas Marg, Mumbai, Maharashtra, 400001, India",+91 22 2200 1282
"The Cathedral Vidya School, Lonavala","Village Shilatne, Taluk Maval, Post Office Karla, Pune, Lonavala, Maharashtra, 410405, India",+91 2114 282693
The Doon School,"Mall Road, Dehradun, Uttarakhand, 248001, India",+91-135 2526 400
The DPSG International (Delhi Public School Ghaziabad International),"P.O. Dasna, Hindon Nagar, Dasna, Kallu Garhi, Ghaziabad, Uttar Pradesh, 201303, India",+91 858 795 1424
The Emerald Heights International School,"Opposite Akashwani, A. B. Road, Rau, Indore, Madhya Pradesh, 453331, India",+91 872 000 9992/3
The Galaxy School,"SNK Main Building, University Road, Rajkot, Gujarat, 360005, India",+91 281 2588391/2588392
The Gaudium School,"Survey No. 148, Nanakramguda Village, Serilingampally, Nanakramguda, Hyderabad, Telangana, 500008, India",+91 73370 00200
"The Heritage School, Kolkata","994 Maduraha, Chowbaga Road, Anandpur, PO East Kolkata Township, Kolkata, West Bengal, 700107, India",+91 33 2443 0448
The International School Bangalore,"Whitefield-Sarjapur Road, Near Dommasandra Circle, Bengaluru, Karnataka, 562125, India",+91 80 6723 5900
The Lawrence School,"Sanawar, MDR 10, Solan, Himachal Pradesh, 173202, India",+91 1792 261208
The New Tulip International School,"Sterling City, Bopal, Ahmedabad, Gujarat, 380058, India",+91 27 17 329210
"The Pupil, Saveetha Eco School","4/68, Thiruverkkadu Road, Behind Saveetha Dental College, Poonamallee, Chennai, Tamil Nadu, 600056, India",+91 44 2680 2013
The Rajkumar College,"Dr Radha Krishnan Road, Gavliwad, Rajkot, Gujarat, 360001, India",+91 281 246 6064
The Riverside School,"307 Behind C.S.D Depot, Off Airport Road, Cantonment, Ahmedabad, Gujarat, 380004, India",+91 79 22861321
The Sanskaar Valley School,"Chandanpura, Bhopal, Madhya Pradesh, 462016, India",+91 755 325 5346
The Scindia School,"The Fort, Gwalior, Madhya Pradesh, 474008, India",+91 751 2480750
The Shri Ram School,"Moulsari Avenue DLF Phase-3, Gurgaon, Haryana, 122002, India"
The Universal School,"Plot No. 17, Near Lion's Garden, Tilak Road, Ghatkopar (E), Mumbai, Maharashtra, 400077, India",+91 773 8146 123
The White School International,"HiLITE Knowledge Village, Parammal, Perumanna, Kozhikode, Kerala, 673019, India",+91 95260 777 78
TIPS Bengaluru,"HBR Layout, Nagawara, Bangalore, Karnataka, 560045, India",+91 77 082 95959
TIPS Chennai,"No. 50/51, First Main Road, Perungudi Industrial Estate, Perungudi, Chennai, Tamil Nadu, 600069, India",+91 44 7118 8011
TIPS Erode,"Chennimalai Road, Senapathipalayam, Goundachi palayam post, Erode, Tamil Nadu, 638112, India",+91 967745 8888
TIPS Karur,"S.F.No. 371 & 379/1, Pazhamapuram, Poolampalayam (Post), Punnam Village, Karur, Tamil Nadu, 639163, India",+91 75 5815 9111
TIPS Kochi,"Edachira, Thengode(Post), Kakkanad, Kochi, Kerala, 682030, India",+91 48 4485 4850
TIPS Madurai,"No.3, VP Rathnasamy Nadar Street, BB Kulam, Madurai, Tamil Nadu, 625002, India",+91 97 8944 1188
TIPS Salem,"No 2, Mangayarkarasi Street, Off Advitha Ashram Road, Fairlands, Salem, Tamil Nadu, 636016, India",+91 92 8258 8888
TIPS Tirupur,"No.10/720, Arulpuram, Arulpuram (P.O.), Palladam Road, Tirupur, Tamil Nadu, 641605, India",+91 75 5817 9111
TIPS Trichy,"49/3, K.Kallikudi (North), Dindigul Main Road, Ramji Nagar, Srirangam Tk, Trichy, Tamil Nadu, 620009, India",+91 73 3911 1777
Treamis,"Hulimangala Post, near Electronics City, Bengaluru, Karnataka, 560105, India",+91 99723 99046
Trinity International School,"Plot No 247-248, Near Gokul Hall, Sion (E), Mumbai, Maharashtra, 400022, India",+91 22 24094344
Trio World Academy,"3/5 Kodigehalli Main Road, Sahakar Nagar, Bengaluru, Karnataka, 560092, India",+91 80 40611222
Trivandrum International School,"Edackcode, PO Korani, Trivandrum, Kerala, 695104, India",+91 471 2619051
Udgam School for Children,"Opp. Sardar Patel Institute, Thaltej, Ahmedabad, Gujarat, 380054, India",+91 79 7101 2345
Unison World School,"Mussoorie Diversion Road, Dehradun, Uttarakhand, 248009, India",+91 135 7113000
United World Academy (UWA),"Sy No. 1/1 and 62, Chikkawadayerapura, Sarjapur Hobali, Anekal Taluk, Bengaluru, Karnataka, 560087, India",+91 7624981601
Uttpal Shanghvi School,"East West Road No.3, J.V.P.D. Scheme, Juhu, Mumbai, Maharashtra, 400049, India",+91 22 2620 7413
UWC Mahindra College,"Village Khubavali, PO Paud, Taluka Mulshi, Pune, Maharashtra, 412108, India",+91 97644 42751 54
Vaels International School,"Pon Vidhyashram Gardens, Off East Coast Road, Injambakkam, Chennai, Tamil Nadu, 600115, India",+91 44 6565 2992
"Vibgyor High School, Pune (NIBM Road)","Dorabjee Paradise, Near Palace Orchard, Off. Corinthian Club Road, Extn NIBM Road, Mohammedwadi, Hadapsar, Pune, Maharashtra, 411060, India",+91 20 3044 6000
"Vibgyor High, Mumbai (Goregagon)","Motilal Nagar - 1, Srirang Sabde Marg, Off. Link Road, Goregaon, Mumbai, Maharashtra, 400104, India",+91 22 3957 7070
"Vibgyor High, Vadodara","Opp Banco Product, Padra Road, B/H Bhayali Railway Station, Vadodara, Gujurat, 391410, India",+91 265 3076 101
Victorious Kidss Educares,"Survey No. 53, 54 & 58, Hissa No. 2/1A, Off. Shreeram Society, Nagar Road, Kharadi, Pune, Maharashtra, 411014, India",+91 20-67116300/1/2
Vidhyashram International School,"Ahead of Shikargarh Mini Market, Defence Lab Road, Jodhpur, Rajasthan, 342015, India",+91 291 222 7976
Vidya Global School,"Vidya Knowledge Park, Baghpat Road, Meerut, Uttar Pradesh, 250002, India",+91 121 2439188/89/92
Vidyanjali International School,"20/1, Ram Mohon Dutta Road, Kolkata, West Bengal, 700020, India",+91-33-2486 1771
Vikaasa World School,"Ponnagaram Compound, New Jail Road, Madurai, Tamil Nadu, 625014, India",+91 9597607888
Vishwashanti Gurukul,"Rajbaug, off Pune-Solapur Highway, Loni, Pune, Maharashtra, 412201, India",+91 20 39210000
VIVA The School,"Beside VVIT college campus, NAMBUR village, Pedakakani Mandal, Nambur, Guntur, Andhra Pradesh, 522508, India",+91 73 3114 2336
Vivek High School,"Vidya Path, Sector 38-B, Chandigarh, Punjab, 160036, India",+91 172 269 8988
Welham Boys' School,"5 Circular Rd, Dalanwala, Dehradun, Uttarakhand, 248001, India",+91 135 265 7120
Wisdom High International School,"Rameshwar Nagar, Anandwali, Gangapur Road, Nashik, Maharashtra, 422007, India",+91 253 2338795
Witty International School Bhilwara,"7 D 8, Ahead Shreenath Circle, RC Vyas Colony, Bhilwara, Rajasthan, 311001, India",+91 1482 239153
Witty International School Malad,"Ramchandra Lane, Malad (W), Mumbai, Maharashtra, 400064, India",+91 22 28882310
Witty International School Udaipur,"1 Witty Lane, Gaurav Path, Nathdwara Road, Opp Sukher Thana, Udaipur, Rajasthan, 313004, India",+91 92142 55667
Witty World Goregaon,"Plot No 165, Near Ayappa Temple, Bangur Nagar, Goregaon, Mumbai, Maharashtra, 400062, India",+91 92230 11704
Wockhardt Global School,"Dr Habil Khorakiwala Education and Health Foundation, E-1/NP-1, SEZ, Five Star Industrial Estate, MIDC, Shen+, Aurangabad, Maharashtra, 431154, India",+91 240 6662888
Woodstock School,"Mussoorie, Uttarakhand, 248179, India",+91 135 263 9000
Yadavindra Public School,"New Lal Bagh, Patiala, Punjab, India",+91 1752 215634
